,genes.WormBaseID,genes.GeneName,eps8_RNAi.TagwiseDispersionsFoldChange,eps8_RNAi.log2FoldChange
0,WBGene00000038,ace-4,15.159,3.922102680677022
1,WBGene00000039,acn-1,-1.98,-0.9855004303048849
2,WBGene00000040,aco-1,2.139,1.096936482502957
3,WBGene00000046,acr-7,2.333,1.2221863073221124
